order_id,customer_id,product_id,order_date,quantity,unit_price,total_amount,region,category
1,71,16,2023-08-17,4,17.38,69.52,South,Food
2,140,6,2024-08-27,4,339.97,1359.88,West,Electronics
3,60,33,2024-09-08,1,51.38,51.38,North,Books
4,180,35,2024-03-05,7,359.43,2516.01,South,Sports
5,2,49,2023-06-13,19,142.7,2711.3,West,Home & Garden
6,196,22,2023-04-15,9,81.96,737.64,North,Sports
7,89,39,2023-09-28,4,182.69,730.76,North,Food
8,97,6,2024-07-19,15,270.43,4056.45,East,Food
9,93,37,2023-07-16,20,443.3,8866.0,North,Electronics
10,21,15,2023-04-14,8,387.67,3101.36,West,Home & Garden
11,94,11,2024-01-15,15,319.66,4794.9,East,Clothing
12,175,42,2023-03-15,9,352.4,3171.6,Central,Food
13,63,11,2024-04-18,6,269.4,1616.4,West,Home & Garden
14,84,50,2023-02-27,18,113.71,2046.78,South,Electronics
15,17,14,2024-08-03,11,203.58,2239.38,East,Clothing
16,165,30,2023-05-27,16,200.84,3213.44,East,Clothing
17,138,17,2024-08-21,8,373.77,2990.16,West,Books
18,36,33,2024-05-20,13,184.19,2394.47,North,Electronics
19,41,44,2024-03-08,4,80.66,322.64,Central,Electronics
20,120,34,2023-09-15,13,193.9,2520.7,Central,Electronics
21,138,49,2023-10-01,4,342.45,1369.8,East,Electronics
22,117,1,2023-09-27,10,220.21,2202.1,Central,Clothing
23,161,20,2024-10-16,17,456.75,7764.75,Central,Books
24,196,11,2024-07-06,7,80.66,564.62,Central,Electronics
25,5,8,2024-01-07,20,165.46,3309.2,East,Clothing
26,146,6,2023-03-29,2,124.23,248.46,West,Electronics
27,33,43,2024-05-01,18,384.09,6913.62,Central,Clothing
28,156,28,2023-08-05,9,266.2,2395.8,Central,Food
29,103,43,2024-10-27,7,357.91,2505.37,East,Sports
30,64,15,2023-03-07,17,228.49,3884.33,East,Electronics
31,151,15,2023-01-08,19,279.19,5304.61,North,Food
32,9,22,2023-03-14,2,118.33,236.66,Central,Clothing
33,55,35,2023-05-16,9,336.14,3025.26,Central,Books
34,122,27,2023-07-14,16,125.28,2004.48,North,Electronics
35,106,30,2023-02-25,14,180.38,2525.32,North,Electronics
36,28,16,2023-07-16,13,365.47,4751.11,South,Books
37,47,18,2024-04-18,15,74.39,1115.85,South,Electronics
38,141,7,2023-02-21,15,404.97,6074.55,Central,Electronics
39,61,11,2024-02-21,3,463.55,1390.65,West,Sports
40,16,11,2024-01-24,7,433.0,3031.0,North,Sports
41,117,19,2024-03-09,9,463.63,4172.67,Central,Food
42,76,14,2023-03-01,16,81.62,1305.92,Central,Food
43,81,4,2023-02-21,18,35.17,633.06,Central,Sports
44,136,11,2023-02-28,17,460.1,7821.7,Central,Electronics
45,18,44,2023-08-29,6,38.92,233.52,West,Electronics
46,153,3,2024-09-26,19,126.88,2410.72,North,Sports
47,81,17,2023-07-29,19,284.79,5411.01,East,Clothing
48,172,42,2023-11-04,9,200.91,1808.19,West,Home & Garden
49,160,37,2023-04-13,3,9.61,28.83,North,Books
50,34,23,2023-03-12,7,255.41,1787.87,South,Home & Garden
51,140,46,2023-11-06,10,83.08,830.8,Central,Food
52,142,20,2024-11-10,17,8.87,150.79,North,Clothing
53,28,48,2024-07-20,9,62.14,559.26,South,Home & Garden
54,184,22,2023-07-28,10,304.39,3043.9,East,Books
55,14,6,2024-10-11,16,129.31,2068.96,West,Home & Garden
56,198,9,2024-10-14,2,6.76,13.52,East,Clothing
57,110,36,2023-01-10,15,278.08,4171.2,North,Electronics
58,95,38,2024-07-19,5,275.07,1375.35,South,Sports
59,94,3,2024-01-02,5,25.71,128.55,South,Food
60,91,50,2024-07-27,8,335.13,2681.04,West,Books
61,61,11,2023-07-01,5,463.25,2316.25,West,Electronics
62,86,27,2024-11-16,6,369.6,2217.6,South,Home & Garden
63,28,25,2023-02-09,6,394.75,2368.5,West,Clothing
64,118,23,2023-11-09,7,409.21,2864.47,South,Clothing
65,103,22,2023-10-13,1,331.72,331.72,North,Home & Garden
66,103,44,2024-07-03,12,322.53,3870.36,East,Electronics
67,67,12,2024-08-17,4,439.13,1756.52,East,Electronics
68,89,47,2023-11-18,4,300.3,1201.2,West,Books
69,148,13,2023-09-18,17,62.24,1058.08,North,Food
70,138,44,2024-11-17,14,5.84,81.76,South,Home & Garden
71,171,22,2024-09-30,14,39.64,554.96,East,Food
72,77,33,2023-11-13,4,361.28,1445.12,West,Home & Garden
73,142,9,2023-07-16,13,350.12,4551.56,West,Food
74,45,40,2024-08-05,13,340.27,4423.51,East,Sports
75,78,19,2023-08-04,18,417.69,7518.42,West,Books
76,120,29,2024-03-28,20,329.08,6581.6,South,Books
77,189,11,2024-11-05,16,397.9,6366.4,North,Home & Garden
78,159,22,2023-04-06,17,333.61,5671.37,South,Food
79,51,10,2023-01-26,10,116.2,1162.0,North,Clothing
80,197,5,2024-04-11,16,307.58,4921.28,West,Food
81,179,25,2024-05-21,19,101.25,1923.75,West,Clothing
82,2,49,2023-04-20,5,329.75,1648.75,West,Clothing
83,179,34,2024-04-20,6,403.03,2418.18,North,Books
84,32,30,2023-05-17,8,459.15,3673.2,West,Food
85,153,21,2024-03-29,17,494.01,8398.17,Central,Food
86,141,29,2023-06-12,17,216.24,3676.08,West,Sports
87,164,18,2024-06-17,9,377.13,3394.17,West,Food
88,20,46,2023-10-20,8,140.93,1127.44,South,Home & Garden
89,139,6,2023-05-22,11,163.26,1795.86,South,Clothing
90,181,14,2023-03-07,13,348.51,4530.63,West,Sports
91,107,4,2023-07-31,11,273.59,3009.49,West,Sports
92,6,49,2024-08-12,19,473.3,8992.7,West,Sports
93,77,49,2024-02-04,1,471.66,471.66,West,Books
94,57,32,2023-08-13,18,400.93,7216.74,East,Sports
95,87,43,2024-11-26,16,19.37,309.92,West,Food
96,33,40,2024-06-30,6,421.05,2526.3,North,Sports
97,7,6,2024-10-20,19,284.37,5403.03,West,Clothing
98,67,25,2023-12-02,15,94.96,1424.4,South,Sports
99,98,18,2024-03-07,11,172.06,1892.66,East,Electronics
100,139,4,2023-12-25,16,14.59,233.44,South,Food
101,167,3,2023-02-01,3,391.71,1175.13,South,Clothing
102,62,9,2024-04-29,1,312.56,312.56,North,Books
103,66,50,2024-01-13,7,235.19,1646.33,South,Books
104,184,8,2023-06-17,20,482.05,9641.0,East,Electronics
105,80,37,2024-11-24,19,17.71,336.49,West,Sports
106,177,41,2023-09-06,7,42.62,298.34,North,Food
107,154,8,2024-08-02,10,425.9,4259.0,North,Home & Garden
108,95,5,2024-06-02,18,217.05,3906.9,East,Electronics
109,28,28,2024-01-06,14,412.05,5768.7,West,Food
110,188,34,2024-10-28,5,220.57,1102.85,East,Books
111,120,28,2024-08-29,18,388.45,6992.1,East,Home & Garden
112,23,18,2024-04-06,8,416.21,3329.68,South,Sports
113,98,22,2023-01-30,19,307.11,5835.09,West,Home & Garden
114,91,17,2023-12-15,6,246.34,1478.04,East,Books
115,133,13,2023-03-29,9,280.12,2521.08,South,Food
116,195,16,2024-12-08,14,246.85,3455.9,West,Food
117,5,6,2023-10-29,16,226.85,3629.6,South,Sports
118,149,24,2024-04-29,8,156.57,1252.56,Central,Books
119,191,36,2023-12-05,12,215.62,2587.44,East,Food
120,65,15,2023-05-04,15,139.1,2086.5,South,Home & Garden
121,196,45,2023-07-09,4,372.73,1490.92,South,Clothing
122,151,49,2024-06-21,16,141.87,2269.92,Central,Home & Garden
123,76,15,2024-01-05,4,417.15,1668.6,South,Home & Garden
124,33,18,2023-02-16,1,355.47,355.47,North,Books
125,33,41,2024-05-17,10,350.22,3502.2,North,Electronics
126,123,29,2023-12-15,19,145.75,2769.25,South,Electronics
127,123,8,2023-03-08,9,470.83,4237.47,West,Sports
128,176,4,2023-06-05,3,290.63,871.89,South,Books
129,64,8,2024-07-25,10,47.16,471.6,West,Books
130,58,50,2024-06-19,20,396.42,7928.4,West,Sports
131,151,28,2023-11-09,15,152.19,2282.85,Central,Books
132,190,7,2023-08-01,2,306.77,613.54,South,Home & Garden
133,45,36,2023-03-18,3,82.74,248.22,South,Electronics
134,153,31,2023-10-26,14,228.0,3192.0,North,Clothing
135,180,30,2023-03-14,10,354.94,3549.4,South,Home & Garden
136,51,28,2023-04-28,19,332.29,6313.51,Central,Clothing
137,37,5,2023-03-03,5,454.66,2273.3,South,Home & Garden
138,146,19,2024-03-25,20,375.73,7514.6,North,Sports
139,70,33,2024-07-06,10,351.37,3513.7,West,Sports
140,111,48,2023-11-27,3,301.03,903.09,Central,Home & Garden
141,173,37,2024-08-24,1,50.21,50.21,North,Food
142,196,49,2023-06-29,9,290.24,2612.16,West,Books
143,47,38,2024-03-22,15,458.46,6876.9,West,Electronics
144,86,21,2024-11-17,16,177.24,2835.84,North,Clothing
145,127,19,2024-11-09,11,208.76,2296.36,West,Books
146,81,17,2023-11-28,2,230.14,460.28,North,Sports
147,1,43,2024-07-09,17,413.34,7026.78,West,Sports
148,93,40,2024-05-25,2,97.85,195.7,West,Electronics
149,34,19,2024-03-24,7,137.19,960.33,West,Electronics
150,156,16,2024-12-27,1,486.71,486.71,South,Home & Garden
151,105,6,2023-08-19,18,11.77,211.86,North,Sports
152,40,32,2023-10-26,4,325.62,1302.48,Central,Food
153,124,31,2023-09-07,9,210.67,1896.03,West,Books
154,154,33,2023-05-20,5,194.88,974.4,North,Home & Garden
155,130,18,2023-01-03,14,173.24,2425.36,East,Food
156,149,43,2024-05-16,10,419.55,4195.5,South,Sports
157,86,36,2024-07-10,18,244.75,4405.5,West,Sports
158,179,16,2024-08-08,11,435.45,4789.95,West,Clothing
159,191,31,2024-12-23,14,26.61,372.54,West,Sports
160,10,9,2024-05-29,5,250.19,1250.95,Central,Home & Garden
161,113,7,2024-06-22,4,437.72,1750.88,West,Electronics
162,168,10,2023-03-18,5,207.94,1039.7,West,Home & Garden
163,102,42,2023-03-24,11,313.51,3448.61,East,Food
164,82,41,2024-05-14,18,193.1,3475.8,Central,Electronics
165,162,44,2023-10-22,20,38.87,777.4,South,Food
166,26,49,2024-10-10,3,219.82,659.46,North,Sports
167,8,3,2023-11-29,6,348.53,2091.18,North,Home & Garden
168,38,16,2024-06-27,12,190.55,2286.6,West,Books
169,21,40,2024-01-27,6,89.14,534.84,Central,Food
170,150,10,2023-08-26,8,251.35,2010.8,West,Food
171,171,1,2024-04-21,9,232.49,2092.41,East,Food
172,114,23,2024-08-24,18,83.2,1497.6,East,Food
173,117,20,2023-07-23,14,346.71,4853.94,West,Sports
174,147,23,2024-08-11,4,122.42,489.68,East,Food
175,169,26,2023-10-09,10,15.86,158.6,North,Books
176,191,32,2023-10-21,2,455.76,911.52,South,Books
177,49,40,2023-09-14,12,113.41,1360.92,South,Food
178,166,3,2023-11-13,4,452.18,1808.72,West,Electronics
179,34,6,2023-10-30,19,185.61,3526.59,East,Food
180,34,35,2024-01-10,14,91.94,1287.16,Central,Books
181,66,31,2023-10-30,9,416.08,3744.72,East,Electronics
182,37,49,2023-08-20,15,481.63,7224.45,West,Books
183,102,1,2023-09-28,12,49.7,596.4,Central,Electronics
184,192,44,2023-09-26,15,187.45,2811.75,Central,Sports
185,60,31,2023-01-26,12,58.63,703.56,Central,Books
186,57,42,2023-03-06,11,458.05,5038.55,West,Food
187,30,9,2023-02-16,10,326.37,3263.7,North,Home & Garden
188,61,35,2023-05-19,16,62.48,999.68,West,Sports
189,191,45,2024-07-07,12,336.89,4042.68,West,Books
190,168,7,2024-05-16,5,443.28,2216.4,Central,Sports
191,95,14,2024-03-30,9,21.19,190.71,West,Clothing
192,176,24,2024-07-11,12,54.18,650.16,East,Electronics
193,32,30,2023-04-04,13,141.56,1840.28,South,Food
194,13,22,2023-09-07,20,485.69,9713.8,South,Books
195,196,36,2023-08-01,7,38.96,272.72,Central,Clothing
196,38,39,2023-01-03,8,167.64,1341.12,East,Clothing
197,45,8,2024-11-07,5,272.41,1362.05,North,Clothing
198,61,38,2023-11-28,1,182.33,182.33,North,Clothing
199,190,27,2024-06-22,9,30.94,278.46,North,Food
200,200,24,2024-06-09,3,240.74,722.22,Central,Electronics
201,158,3,2024-11-05,15,254.4,3816.0,Central,Home & Garden
202,8,4,2024-05-05,15,323.45,4851.75,West,Sports
203,114,5,2023-03-24,4,247.68,990.72,East,Books
204,71,40,2024-10-10,5,37.51,187.55,Central,Books
205,153,34,2023-10-29,11,193.55,2129.05,West,Books
206,180,8,2024-11-01,20,217.95,4359.0,Central,Food
207,59,27,2023-12-14,7,217.88,1525.16,West,Sports
208,81,28,2023-11-17,14,366.16,5126.24,East,Home & Garden
209,122,5,2023-04-04,5,344.98,1724.9,North,Electronics
210,190,24,2023-05-14,14,52.8,739.2,Central,Electronics
211,144,22,2024-11-17,19,478.53,9092.07,North,Sports
212,193,28,2023-02-22,12,437.44,5249.28,East,Books
213,148,33,2023-08-06,10,179.06,1790.6,South,Food
214,28,23,2024-07-23,16,116.0,1856.0,East,Electronics
215,110,36,2024-09-28,9,289.18,2602.62,Central,Food
216,169,45,2023-10-01,18,18.0,324.0,North,Clothing
217,80,22,2023-12-26,9,352.84,3175.56,North,Clothing
218,103,5,2023-05-26,5,285.33,1426.65,North,Electronics
219,108,30,2023-12-16,17,111.49,1895.33,South,Home & Garden
220,199,37,2024-09-02,10,362.19,3621.9,North,Electronics
221,159,4,2024-11-21,5,82.92,414.6,North,Home & Garden
222,125,39,2024-03-28,15,332.66,4989.9,West,Home & Garden
223,30,23,2024-03-16,7,378.7,2650.9,North,Home & Garden
224,171,20,2023-02-16,19,245.88,4671.72,South,Sports
225,53,20,2023-08-05,20,32.12,642.4,South,Home & Garden
226,2,32,2024-03-16,10,167.42,1674.2,South,Clothing
227,59,33,2024-07-26,13,268.63,3492.19,East,Electronics
228,11,28,2023-01-20,13,431.57,5610.41,West,Electronics
229,147,26,2024-12-27,11,290.0,3190.0,West,Home & Garden
230,84,11,2024-09-24,4,205.49,821.96,West,Food
231,28,16,2024-03-22,12,48.62,583.44,Central,Sports
232,80,48,2023-12-14,17,43.93,746.81,South,Home & Garden
233,163,8,2024-06-27,6,42.81,256.86,Central,Clothing
234,166,10,2023-08-30,12,178.79,2145.48,North,Clothing
235,155,10,2024-11-02,9,102.65,923.85,North,Clothing
236,145,49,2024-08-16,16,234.66,3754.56,West,Food
237,160,21,2024-10-04,19,323.28,6142.32,East,Clothing
238,114,41,2023-11-07,15,38.8,582.0,East,Books
239,19,20,2024-04-17,2,179.21,358.42,West,Electronics
240,74,5,2024-10-22,2,187.53,375.06,North,Books
241,119,38,2024-07-21,20,256.0,5120.0,North,Sports
242,83,39,2024-05-02,19,327.66,6225.54,Central,Clothing
243,88,46,2023-03-28,2,228.01,456.02,Central,Food
244,182,29,2024-03-25,6,24.38,146.28,Central,Books
245,96,19,2024-02-01,20,83.58,1671.6,West,Home & Garden
246,162,42,2023-12-09,20,30.92,618.4,North,Home & Garden
247,99,19,2023-09-16,4,281.19,1124.76,Central,Clothing
248,170,10,2023-12-25,11,45.34,498.74,East,Food
249,182,6,2023-11-14,13,68.83,894.79,Central,Sports
250,172,45,2024-12-02,11,407.53,4482.83,Central,Electronics
251,5,24,2023-11-13,14,256.7,3593.8,South,Clothing
252,125,13,2023-08-20,11,474.1,5215.1,South,Clothing
253,26,33,2024-07-06,3,151.42,454.26,Central,Electronics
254,159,9,2024-09-03,11,438.81,4826.91,West,Clothing
255,178,50,2024-10-01,6,94.52,567.12,South,Food
256,94,44,2023-09-01,15,26.63,399.45,West,Books
257,115,15,2024-06-30,10,377.43,3774.3,South,Home & Garden
258,50,24,2024-11-25,16,452.47,7239.52,Central,Sports
259,200,25,2024-05-29,15,385.87,5788.05,Central,Sports
260,155,9,2023-09-14,6,409.36,2456.16,North,Food
261,142,7,2024-12-29,16,437.69,7003.04,Central,Electronics
262,42,18,2024-04-05,10,46.52,465.2,Central,Clothing
263,57,29,2023-12-24,14,50.4,705.6,North,Sports
264,96,16,2024-01-31,2,201.24,402.48,North,Home & Garden
265,26,46,2024-10-27,8,18.95,151.6,East,Clothing
266,121,45,2023-05-23,5,23.96,119.8,West,Sports
267,21,2,2023-09-20,20,7.6,152.0,South,Clothing
268,156,34,2024-03-09,18,470.41,8467.38,North,Home & Garden
269,13,16,2024-03-05,8,154.07,1232.56,Central,Sports
270,128,39,2024-07-02,3,59.87,179.61,North,Food
271,184,10,2023-10-26,17,289.65,4924.05,West,Electronics
272,147,27,2023-07-11,20,179.64,3592.8,North,Books
273,135,35,2024-06-03,12,38.5,462.0,Central,Books
274,121,3,2024-10-12,1,198.27,198.27,West,Home & Garden
275,92,5,2023-12-20,9,374.92,3374.28,South,Food
276,189,49,2023-12-07,4,386.89,1547.56,South,Electronics
277,165,12,2024-12-02,12,275.28,3303.36,West,Food
278,35,5,2024-04-13,16,317.71,5083.36,North,Home & Garden
279,52,3,2023-11-20,7,26.68,186.76,East,Books
280,140,31,2023-09-17,13,494.62,6430.06,North,Food
281,200,4,2024-11-02,7,146.62,1026.34,East,Home & Garden
282,112,26,2024-03-26,4,400.67,1602.68,West,Home & Garden
283,128,24,2024-06-15,6,250.62,1503.72,East,Electronics
284,155,12,2024-07-12,14,44.07,616.98,East,Home & Garden
285,170,19,2023-11-10,4,44.63,178.52,West,Books
286,114,23,2024-04-02,14,87.49,1224.86,North,Food
287,112,18,2024-10-16,12,309.35,3712.2,North,Electronics
288,192,44,2023-06-13,13,184.84,2402.92,North,Clothing
289,113,3,2023-05-10,20,340.65,6813.0,North,Clothing
290,146,3,2024-09-11,12,184.26,2211.12,South,Food
291,96,29,2023-03-20,15,474.67,7120.05,Central,Clothing
292,81,42,2023-10-13,17,186.64,3172.88,South,Electronics
293,128,34,2024-02-01,1,369.16,369.16,Central,Electronics
294,181,29,2023-08-08,9,388.61,3497.49,Central,Home & Garden
295,35,5,2024-04-07,16,104.09,1665.44,South,Food
296,175,21,2024-11-14,15,498.64,7479.6,East,Food
297,75,20,2023-06-11,3,277.25,831.75,South,Home & Garden
298,52,9,2023-08-31,17,116.0,1972.0,West,Electronics
299,95,30,2024-07-18,12,279.24,3350.88,South,Books
300,102,46,2024-05-05,3,37.55,112.65,Central,Sports
301,19,9,2023-11-21,14,412.55,5775.7,North,Sports
302,89,9,2024-07-18,15,341.65,5124.75,Central,Clothing
303,15,8,2024-06-14,5,219.15,1095.75,South,Home & Garden
304,182,15,2023-12-21,6,85.17,511.02,Central,Home & Garden
305,163,36,2023-10-09,3,129.05,387.15,South,Food
306,24,33,2024-10-18,10,309.14,3091.4,South,Books
307,169,40,2024-09-11,19,81.33,1545.27,East,Books
308,8,6,2023-02-16,2,413.49,826.98,Central,Home & Garden
309,107,40,2024-10-16,7,384.64,2692.48,North,Sports
310,78,31,2023-09-08,18,148.39,2671.02,West,Home & Garden
311,16,11,2024-03-26,15,41.12,616.8,West,Sports
312,156,10,2023-11-17,15,105.99,1589.85,East,Food
313,34,49,2024-01-15,12,487.81,5853.72,Central,Books
314,120,8,2023-10-01,4,162.96,651.84,West,Clothing
315,75,25,2024-09-22,5,52.92,264.6,West,Clothing
316,148,47,2023-11-17,6,407.67,2446.02,South,Clothing
317,120,32,2023-11-12,16,498.0,7968.0,West,Electronics
318,130,30,2023-09-04,3,472.89,1418.67,South,Books
319,73,32,2024-09-03,12,29.09,349.08,West,Home & Garden
320,28,28,2023-05-18,18,9.05,162.9,East,Food
321,94,3,2024-02-15,12,383.11,4597.32,North,Books
322,142,19,2023-03-17,18,101.35,1824.3,West,Books
323,72,40,2024-11-27,15,383.38,5750.7,Central,Electronics
324,101,24,2023-12-14,5,487.67,2438.35,Central,Home & Garden
325,131,26,2024-05-27,5,103.53,517.65,North,Electronics
326,86,31,2024-06-15,2,72.83,145.66,West,Clothing
327,36,21,2024-09-19,20,447.1,8942.0,East,Clothing
328,190,20,2024-08-30,13,495.35,6439.55,East,Books
329,182,37,2023-11-03,17,268.51,4564.67,West,Electronics
330,29,27,2024-08-20,12,168.96,2027.52,East,Food
331,68,42,2024-08-15,1,300.47,300.47,Central,Clothing
332,44,34,2024-10-06,2,293.84,587.68,Central,Sports
333,63,3,2024-08-09,5,411.72,2058.6,North,Clothing
334,108,10,2024-02-27,1,223.31,223.31,South,Sports
335,121,48,2023-03-05,17,388.61,6606.37,South,Books
336,170,31,2024-06-22,7,282.64,1978.48,West,Home & Garden
337,137,22,2024-07-13,6,232.53,1395.18,East,Food
338,50,16,2023-10-13,9,306.99,2762.91,Central,Home & Garden
339,77,50,2023-10-23,8,471.04,3768.32,South,Food
340,90,36,2023-10-08,16,161.94,2591.04,East,Electronics
341,98,26,2023-12-20,19,339.93,6458.67,South,Home & Garden
342,183,6,2023-12-21,2,147.38,294.76,West,Food
343,55,13,2024-07-05,9,374.93,3374.37,East,Books
344,158,48,2024-08-23,9,72.95,656.55,South,Clothing
345,136,15,2024-10-15,2,336.57,673.14,South,Electronics
346,184,31,2023-04-13,4,209.58,838.32,South,Electronics
347,41,27,2024-10-30,18,489.07,8803.26,West,Sports
348,74,21,2023-10-20,7,379.18,2654.26,North,Electronics
349,190,47,2023-02-08,19,119.95,2279.05,South,Sports
350,10,26,2024-05-22,6,467.29,2803.74,South,Food
351,3,20,2024-08-04,10,438.99,4389.9,Central,Electronics
352,165,35,2024-06-20,11,145.86,1604.46,West,Clothing
353,50,8,2023-12-05,17,236.67,4023.39,South,Food
354,184,12,2023-01-15,15,325.9,4888.5,East,Home & Garden
355,50,12,2024-09-17,19,338.83,6437.77,West,Sports
356,103,43,2023-04-08,17,167.32,2844.44,South,Clothing
357,64,1,2023-09-25,16,165.18,2642.88,West,Clothing
358,85,20,2024-08-19,15,378.11,5671.65,Central,Electronics
359,178,16,2023-03-05,9,328.57,2957.13,North,Sports
360,176,33,2024-12-21,10,84.06,840.6,East,Food
361,76,24,2024-09-21,4,321.16,1284.64,South,Clothing
362,117,48,2024-09-12,5,241.7,1208.5,East,Sports
363,194,35,2024-11-11,18,456.83,8222.94,South,Clothing
364,21,34,2024-04-02,20,437.2,8744.0,Central,Food
365,145,8,2023-03-05,12,43.66,523.92,Central,Books
366,39,11,2023-12-02,7,288.49,2019.43,Central,Sports
367,184,38,2024-05-15,4,341.75,1367.0,North,Books
368,117,9,2024-06-09,15,405.3,6079.5,West,Sports
369,119,44,2023-11-12,19,33.58,638.02,North,Sports
370,191,14,2024-08-15,9,409.14,3682.26,North,Electronics
371,17,35,2023-03-03,14,175.54,2457.56,North,Sports
372,47,50,2023-05-19,2,147.11,294.22,West,Home & Garden
373,97,25,2023-03-24,13,227.03,2951.39,Central,Clothing
374,138,26,2024-06-25,12,63.72,764.64,South,Food
375,194,2,2023-11-02,8,418.24,3345.92,West,Food
376,98,15,2023-09-11,18,214.94,3868.92,West,Home & Garden
377,186,49,2023-04-26,5,141.45,707.25,North,Food
378,5,16,2023-07-31,14,309.39,4331.46,North,Electronics
379,154,44,2024-12-21,20,21.62,432.4,North,Clothing
380,60,35,2023-08-11,2,204.12,408.24,North,Clothing
381,60,47,2024-08-12,17,496.77,8445.09,East,Books
382,83,16,2023-11-06,20,387.41,7748.2,South,Food
383,77,18,2023-03-04,17,114.42,1945.14,Central,Books
384,110,36,2024-05-22,6,314.87,1889.22,North,Home & Garden
385,82,45,2024-03-02,13,393.97,5121.61,West,Clothing
386,194,35,2024-04-29,10,191.35,1913.5,South,Clothing
387,37,30,2023-03-01,10,429.48,4294.8,Central,Sports
388,35,25,2023-09-06,14,280.86,3932.04,East,Clothing
389,116,24,2023-04-05,11,325.12,3576.32,Central,Food
390,97,44,2024-09-11,7,30.51,213.57,Central,Electronics
391,195,38,2024-11-18,3,98.14,294.42,Central,Clothing
392,86,20,2023-01-16,16,108.4,1734.4,South,Clothing
393,194,31,2023-09-06,4,374.71,1498.84,Central,Food
394,62,36,2023-11-26,7,201.33,1409.31,East,Sports
395,92,20,2023-09-25,15,269.16,4037.4,East,Books
396,185,31,2023-11-24,16,235.67,3770.72,South,Home & Garden
397,145,15,2023-05-30,11,209.9,2308.9,North,Home & Garden
398,149,47,2024-03-03,18,467.71,8418.78,East,Clothing
399,98,37,2023-09-09,7,168.28,1177.96,West,Books
400,126,47,2024-10-19,11,132.38,1456.18,West,Sports
401,91,11,2023-05-24,6,367.72,2206.32,Central,Sports
402,139,42,2023-03-02,6,458.87,2753.22,Central,Electronics
403,172,4,2023-01-07,3,472.87,1418.61,West,Clothing
404,39,1,2023-08-12,8,38.64,309.12,Central,Sports
405,164,43,2024-09-23,12,34.92,419.04,West,Food
406,137,36,2024-02-26,16,12.79,204.64,North,Electronics
407,138,19,2023-01-18,17,362.49,6162.33,Central,Food
408,46,7,2023-04-09,14,404.05,5656.7,Central,Clothing
409,135,17,2023-12-29,8,100.01,800.08,East,Sports
410,104,30,2024-08-01,3,189.66,568.98,South,Food
411,21,42,2024-10-27,8,153.49,1227.92,North,Electronics
412,142,31,2023-02-27,13,192.74,2505.62,North,Food
413,112,42,2023-12-06,6,45.93,275.58,Central,Electronics
414,59,14,2024-12-09,17,459.98,7819.66,Central,Sports
415,20,44,2023-10-15,9,28.05,252.45,Central,Books
416,81,2,2023-08-01,2,93.78,187.56,Central,Clothing
417,77,11,2024-07-31,13,464.79,6042.27,South,Books
418,139,22,2024-01-29,13,340.13,4421.69,South,Food
419,89,4,2023-04-11,3,252.89,758.67,West,Clothing
420,197,40,2024-09-01,3,173.59,520.77,West,Home & Garden
421,116,32,2023-08-22,1,318.89,318.89,East,Books
422,175,38,2024-11-07,13,218.76,2843.88,West,Electronics
423,64,46,2023-03-17,20,151.21,3024.2,North,Home & Garden
424,163,10,2024-02-03,5,193.1,965.5,East,Home & Garden
425,79,29,2024-01-04,4,50.3,201.2,East,Electronics
426,111,29,2024-07-24,5,48.21,241.05,Central,Books
427,23,23,2024-07-21,14,56.13,785.82,North,Books
428,99,1,2023-10-26,20,393.3,7866.0,West,Sports
429,144,16,2024-08-08,3,363.8,1091.4,Central,Clothing
430,69,20,2023-10-02,13,88.9,1155.7,West,Clothing
431,71,27,2023-11-03,3,87.77,263.31,West,Electronics
432,64,47,2024-10-02,12,129.59,1555.08,West,Books
433,28,9,2023-11-08,20,101.8,2036.0,North,Sports
434,98,22,2024-03-26,11,421.6,4637.6,East,Sports
435,83,39,2024-12-12,20,72.38,1447.6,South,Sports
436,102,21,2023-10-26,11,92.93,1022.23,West,Books
437,72,26,2024-01-09,8,166.31,1330.48,North,Books
438,140,12,2024-11-29,7,298.15,2087.05,Central,Electronics
439,54,29,2023-10-26,15,471.77,7076.55,North,Sports
440,78,16,2023-09-16,16,73.89,1182.24,South,Food
441,19,29,2024-09-04,14,395.59,5538.26,West,Books
442,178,27,2024-07-10,13,269.51,3503.63,North,Home & Garden
443,22,7,2023-09-12,18,298.94,5380.92,East,Clothing
444,166,44,2024-10-24,20,26.93,538.6,West,Home & Garden
445,26,17,2023-08-16,14,57.44,804.16,Central,Food
446,177,37,2023-08-15,17,281.21,4780.57,West,Home & Garden
447,174,38,2024-12-08,13,234.22,3044.86,Central,Clothing
448,124,7,2023-10-30,12,498.86,5986.32,West,Electronics
449,187,10,2023-12-23,4,416.5,1666.0,East,Home & Garden
450,134,31,2023-12-23,15,393.21,5898.15,West,Electronics
451,116,21,2023-03-10,15,362.39,5435.85,East,Electronics
452,88,42,2023-04-22,4,16.18,64.72,South,Food
453,142,11,2023-12-05,8,260.42,2083.36,Central,Sports
454,104,41,2023-07-08,15,119.77,1796.55,South,Food
455,189,40,2023-07-22,14,200.81,2811.34,West,Books
456,181,14,2023-07-30,14,197.47,2764.58,East,Food
457,138,12,2024-01-10,3,290.79,872.37,East,Clothing
458,172,32,2024-06-24,15,61.41,921.15,East,Books
459,151,8,2023-12-23,13,307.6,3998.8,East,Sports
460,173,46,2023-11-01,20,90.4,1808.0,Central,Books
461,81,8,2023-09-02,3,337.69,1013.07,East,Electronics
462,37,33,2024-02-02,6,189.79,1138.74,West,Books
463,109,12,2024-05-13,5,289.53,1447.65,Central,Food
464,126,19,2023-05-24,6,279.68,1678.08,South,Home & Garden
465,92,1,2024-05-11,15,311.61,4674.15,South,Clothing
466,130,42,2024-05-21,13,482.1,6267.3,West,Food
467,114,32,2023-06-21,16,210.74,3371.84,North,Books
468,57,19,2023-02-03,1,398.96,398.96,East,Clothing
469,200,30,2024-08-02,18,147.89,2662.02,West,Books
470,30,18,2024-07-10,17,61.04,1037.68,East,Books
471,113,35,2023-08-12,2,381.2,762.4,West,Electronics
472,9,29,2023-09-27,8,152.37,1218.96,East,Electronics
473,31,50,2023-08-31,15,433.32,6499.8,South,Food
474,182,40,2024-10-09,19,346.12,6576.28,West,Clothing
475,53,14,2023-03-02,20,73.92,1478.4,Central,Home & Garden
476,138,11,2023-11-28,18,144.14,2594.52,East,Home & Garden
477,132,44,2023-04-08,19,137.33,2609.27,South,Sports
478,168,9,2024-12-19,2,496.28,992.56,South,Clothing
479,64,49,2024-11-23,5,357.14,1785.7,West,Sports
480,69,41,2024-02-29,5,290.83,1454.15,West,Sports
481,197,6,2024-02-17,3,318.65,955.95,Central,Food
482,95,30,2024-05-14,9,348.88,3139.92,East,Books
483,188,6,2024-04-14,1,435.11,435.11,East,Electronics
484,110,14,2024-05-21,18,201.87,3633.66,East,Home & Garden
485,148,9,2024-08-02,10,172.19,1721.9,West,Home & Garden
486,161,30,2023-01-17,2,27.74,55.48,North,Clothing
487,110,13,2024-12-06,15,230.98,3464.7,South,Food
488,71,6,2024-11-01,10,83.69,836.9,East,Home & Garden
489,167,11,2023-02-23,3,189.06,567.18,West,Food
490,194,15,2024-03-15,10,364.36,3643.6,North,Food
491,123,5,2023-05-16,4,5.54,22.16,Central,Clothing
492,3,1,2024-12-13,17,341.59,5807.03,East,Electronics
493,123,5,2023-08-23,14,348.55,4879.7,West,Electronics
494,95,20,2023-05-21,4,56.08,224.32,West,Clothing
495,145,1,2024-09-16,5,38.86,194.3,South,Sports
496,161,48,2023-06-05,12,362.6,4351.2,West,Books
497,23,7,2023-05-24,15,430.68,6460.2,North,Books
498,110,21,2023-05-24,13,179.01,2327.13,South,Home & Garden
499,154,39,2024-09-14,3,127.84,383.52,East,Food
500,169,20,2023-07-30,1,424.71,424.71,Central,Books
501,101,19,2024-10-23,17,98.38,1672.46,North,Clothing
502,62,32,2024-10-15,16,196.01,3136.16,Central,Electronics
503,4,24,2023-11-21,17,444.92,7563.64,South,Sports
504,140,44,2023-06-26,19,213.33,4053.27,West,Electronics
505,4,17,2023-08-09,1,295.74,295.74,North,Electronics
506,161,46,2024-05-28,13,255.77,3325.01,West,Sports
507,138,35,2024-09-22,13,45.8,595.4,South,Home & Garden
508,131,14,2023-06-09,3,158.4,475.2,Central,Home & Garden
509,196,42,2024-11-28,13,295.29,3838.77,North,Home & Garden
510,62,4,2023-09-08,14,366.33,5128.62,North,Sports
511,156,4,2023-11-13,4,229.42,917.68,South,Electronics
512,180,1,2023-06-17,1,355.41,355.41,West,Home & Garden
513,185,17,2023-06-20,17,261.03,4437.51,East,Clothing
514,31,50,2023-01-31,9,367.8,3310.2,East,Sports
515,68,46,2024-08-13,9,264.31,2378.79,North,Sports
516,15,32,2024-08-03,15,257.84,3867.6,South,Home & Garden
517,27,37,2024-11-21,6,131.28,787.68,North,Clothing
518,4,16,2023-02-17,17,6.27,106.59,West,Home & Garden
519,46,3,2024-07-20,13,460.51,5986.63,West,Clothing
520,185,21,2023-10-05,11,127.89,1406.79,North,Books
521,173,4,2023-07-03,12,64.1,769.2,South,Books
522,18,30,2023-10-17,2,477.27,954.54,East,Home & Garden
523,3,24,2023-07-25,3,278.78,836.34,East,Books
524,63,30,2024-01-13,10,371.09,3710.9,Central,Sports
525,140,49,2023-09-09,7,367.57,2572.99,South,Electronics
526,139,23,2024-10-13,14,16.84,235.76,North,Home & Garden
527,97,48,2023-11-11,1,380.67,380.67,North,Clothing
528,108,32,2023-03-03,17,491.64,8357.88,South,Food
529,60,34,2024-02-27,9,51.05,459.45,East,Sports
530,130,9,2024-10-14,3,292.48,877.44,West,Electronics
531,112,43,2023-05-14,19,286.07,5435.33,South,Home & Garden
532,101,45,2023-12-01,9,426.2,3835.8,East,Sports
533,52,9,2024-08-21,9,120.64,1085.76,North,Clothing
534,120,21,2024-02-21,4,86.37,345.48,North,Books
535,54,29,2023-11-12,12,482.49,5789.88,West,Home & Garden
536,176,20,2024-12-22,4,49.76,199.04,Central,Electronics
537,84,10,2023-04-04,7,418.78,2931.46,South,Home & Garden
538,174,20,2023-09-24,13,259.16,3369.08,South,Electronics
539,143,48,2024-07-17,13,428.03,5564.39,South,Electronics
540,36,8,2023-01-13,15,55.44,831.6,North,Clothing
541,103,24,2024-12-03,5,103.08,515.4,North,Books
542,20,2,2023-03-08,19,133.12,2529.28,South,Food
543,24,22,2023-05-06,15,405.6,6084.0,North,Sports
544,147,28,2024-02-09,2,88.15,176.3,West,Electronics
545,45,23,2023-08-08,13,343.19,4461.47,South,Home & Garden
546,39,3,2024-09-20,9,225.78,2032.02,Central,Books
547,128,27,2024-07-17,8,325.4,2603.2,West,Electronics
548,36,27,2023-07-24,3,143.49,430.47,Central,Clothing
549,98,46,2024-01-03,18,398.45,7172.1,West,Books
550,145,33,2023-11-26,16,175.3,2804.8,West,Home & Garden
551,153,15,2023-01-31,6,17.9,107.4,East,Electronics
552,197,38,2023-08-27,16,267.07,4273.12,South,Electronics
553,69,35,2023-02-27,8,330.15,2641.2,South,Books
554,45,12,2023-08-31,13,180.63,2348.19,Central,Home & Garden
555,8,46,2024-12-18,12,457.42,5489.04,East,Books
556,49,32,2024-07-09,19,75.34,1431.46,East,Clothing
557,15,15,2024-09-08,16,23.79,380.64,South,Electronics
558,85,40,2023-07-26,17,241.6,4107.2,South,Home & Garden
559,83,4,2023-01-23,6,459.8,2758.8,South,Books
560,135,24,2023-03-16,5,388.31,1941.55,East,Food
561,87,20,2023-11-27,13,295.08,3836.04,South,Clothing
562,125,42,2023-11-21,14,396.96,5557.44,South,Food
563,158,23,2023-08-17,18,348.31,6269.58,Central,Clothing
564,177,19,2023-05-11,13,156.88,2039.44,South,Food
565,147,26,2024-08-04,1,474.65,474.65,North,Clothing
566,157,15,2024-10-16,20,162.52,3250.4,Central,Electronics
567,191,5,2023-09-01,16,74.62,1193.92,East,Home & Garden
568,23,46,2024-11-17,6,319.91,1919.46,East,Sports
569,64,45,2023-03-11,1,136.28,136.28,East,Home & Garden
570,13,25,2024-03-24,4,361.6,1446.4,West,Clothing
571,97,23,2024-07-13,14,249.08,3487.12,West,Electronics
572,148,42,2024-12-04,16,395.42,6326.72,South,Clothing
573,9,19,2023-01-21,15,41.49,622.35,East,Home & Garden
574,44,25,2023-06-14,4,41.73,166.92,North,Books
575,158,31,2024-12-22,3,172.29,516.87,North,Sports
576,112,11,2023-02-24,6,305.62,1833.72,North,Home & Garden
577,105,45,2024-07-21,7,487.33,3411.31,Central,Home & Garden
578,25,4,2024-02-07,10,152.21,1522.1,Central,Books
579,93,1,2024-03-13,16,81.03,1296.48,North,Home & Garden
580,25,2,2023-07-31,20,242.76,4855.2,South,Food
581,122,8,2023-11-12,10,488.64,4886.4,West,Sports
582,68,6,2024-10-19,16,447.96,7167.36,Central,Sports
583,98,24,2023-07-11,6,188.66,1131.96,West,Electronics
584,68,15,2023-10-03,9,222.67,2004.03,Central,Electronics
585,171,7,2023-03-29,5,377.36,1886.8,East,Books
586,151,15,2024-07-20,14,485.5,6797.0,North,Sports
587,138,44,2024-05-01,17,212.22,3607.74,Central,Clothing
588,102,46,2023-02-05,16,152.93,2446.88,Central,Books
589,174,40,2023-05-31,17,401.22,6820.74,North,Sports
590,43,14,2023-07-17,6,474.79,2848.74,South,Electronics
591,175,28,2023-07-26,14,43.79,613.06,South,Books
592,187,5,2023-03-31,9,163.28,1469.52,West,Books
593,71,34,2024-04-14,13,278.27,3617.51,North,Food
594,108,8,2024-02-29,20,295.85,5917.0,South,Clothing
595,195,7,2023-04-19,19,296.03,5624.57,Central,Electronics
596,89,27,2023-09-28,10,434.4,4344.0,West,Food
597,122,3,2023-06-26,16,288.15,4610.4,East,Sports
598,175,45,2024-02-16,5,311.03,1555.15,North,Sports
599,13,48,2024-05-01,11,346.8,3814.8,East,Home & Garden
600,78,20,2023-10-15,1,172.24,172.24,West,Food
601,59,9,2023-11-04,4,486.39,1945.56,West,Home & Garden
602,155,42,2023-04-02,9,365.76,3291.84,South,Sports
603,105,48,2024-05-11,7,457.15,3200.05,Central,Home & Garden
604,41,5,2023-11-15,2,260.06,520.12,Central,Sports
605,135,37,2023-01-30,5,391.36,1956.8,South,Clothing
606,64,3,2024-04-12,7,419.3,2935.1,North,Home & Garden
607,119,33,2024-02-11,7,140.62,984.34,North,Food
608,126,39,2024-04-01,1,124.76,124.76,South,Sports
609,89,11,2023-09-22,19,277.91,5280.29,North,Home & Garden
610,42,37,2023-08-08,1,196.35,196.35,South,Food
611,69,42,2024-02-24,8,340.46,2723.68,Central,Electronics
612,34,42,2023-06-27,1,239.68,239.68,Central,Electronics
613,79,46,2024-12-27,8,129.93,1039.44,East,Sports
614,118,17,2023-08-12,13,426.54,5545.02,West,Home & Garden
615,102,38,2023-04-15,17,413.03,7021.51,North,Books
616,153,39,2023-10-17,12,282.92,3395.04,East,Food
617,87,18,2024-10-17,4,243.46,973.84,East,Home & Garden
618,167,20,2023-07-12,9,329.78,2968.02,South,Books
619,154,26,2024-11-07,8,450.35,3602.8,East,Food
620,168,32,2023-10-30,5,362.04,1810.2,East,Sports
621,10,38,2024-12-26,13,197.2,2563.6,Central,Clothing
622,57,44,2024-07-01,11,364.64,4011.04,West,Food
623,44,43,2024-07-25,12,256.12,3073.44,South,Home & Garden
624,190,17,2024-07-26,4,238.04,952.16,South,Food
625,57,23,2023-08-17,11,328.95,3618.45,East,Sports
626,150,19,2024-04-19,11,188.98,2078.78,North,Sports
627,150,38,2024-09-27,2,433.86,867.72,North,Sports
628,175,25,2024-06-26,7,252.74,1769.18,East,Sports
629,39,9,2023-07-25,2,436.07,872.14,East,Sports
630,118,10,2023-11-20,19,446.96,8492.24,South,Electronics
631,46,21,2024-10-11,16,169.65,2714.4,North,Electronics
632,195,50,2023-06-22,15,140.4,2106.0,Central,Clothing
633,200,6,2023-05-13,16,393.68,6298.88,Central,Sports
634,123,25,2023-01-05,14,204.68,2865.52,North,Books
635,4,21,2024-06-27,7,366.68,2566.76,South,Electronics
636,64,15,2024-12-11,1,315.21,315.21,East,Home & Garden
637,129,38,2023-11-10,5,55.84,279.2,South,Electronics
638,75,30,2024-06-16,2,152.61,305.22,Central,Books
639,176,9,2023-12-17,11,219.66,2416.26,West,Home & Garden
640,104,2,2023-08-22,7,86.62,606.34,South,Food
641,6,38,2024-05-31,5,109.54,547.7,South,Electronics
642,10,25,2024-10-17,12,357.0,4284.0,East,Books
643,13,43,2023-04-21,20,29.05,581.0,North,Electronics
644,98,8,2024-07-14,4,211.3,845.2,East,Sports
645,176,41,2023-01-10,5,106.72,533.6,East,Sports
646,70,40,2024-09-12,4,332.93,1331.72,South,Sports
647,159,8,2023-10-17,4,258.23,1032.92,North,Electronics
648,52,50,2023-09-27,16,103.33,1653.28,Central,Clothing
649,76,11,2023-02-10,12,353.2,4238.4,Central,Sports
650,124,22,2023-08-29,7,345.66,2419.62,North,Electronics
651,147,43,2024-05-20,3,453.91,1361.73,South,Electronics
652,186,7,2023-09-20,17,42.15,716.55,South,Sports
653,13,7,2023-06-28,10,135.74,1357.4,North,Home & Garden
654,81,28,2023-04-29,12,401.79,4821.48,North,Electronics
655,170,42,2023-06-24,1,426.74,426.74,East,Home & Garden
656,69,47,2023-04-06,15,477.77,7166.55,East,Home & Garden
657,103,30,2023-10-06,6,61.35,368.1,West,Food
658,167,11,2023-04-26,16,400.95,6415.2,South,Food
659,41,7,2024-03-02,2,490.88,981.76,Central,Sports
660,47,40,2024-01-24,19,340.8,6475.2,East,Books
661,187,9,2024-05-09,1,431.98,431.98,West,Electronics
662,17,17,2024-11-01,14,223.14,3123.96,East,Electronics
663,148,47,2024-08-01,17,384.93,6543.81,South,Food
664,177,45,2024-09-25,11,261.95,2881.45,North,Sports
665,170,44,2024-10-18,8,243.56,1948.48,West,Clothing
666,157,4,2023-01-12,18,446.57,8038.26,South,Books
667,43,5,2024-05-18,16,426.68,6826.88,East,Clothing
668,13,33,2023-08-17,11,485.22,5337.42,Central,Food
669,61,6,2024-04-15,13,204.62,2660.06,West,Books
670,128,29,2023-11-20,15,48.57,728.55,North,Sports
671,106,3,2024-07-24,1,55.81,55.81,Central,Electronics
672,159,41,2023-11-08,3,396.93,1190.79,Central,Books
673,117,22,2024-01-08,7,329.03,2303.21,North,Clothing
674,197,40,2024-09-06,15,169.33,2539.95,West,Food
675,30,7,2024-11-05,12,359.38,4312.56,South,Electronics
676,163,19,2024-07-14,11,180.79,1988.69,Central,Home & Garden
677,43,32,2023-05-24,4,27.66,110.64,West,Electronics
678,49,8,2024-02-07,9,307.37,2766.33,South,Sports
679,28,49,2024-02-29,7,359.81,2518.67,North,Food
680,116,30,2024-11-05,19,65.99,1253.81,Central,Books
681,2,34,2023-02-19,5,482.11,2410.55,Central,Sports
682,131,50,2023-07-01,19,244.05,4636.95,Central,Clothing
683,169,39,2024-09-12,5,56.26,281.3,East,Books
684,156,45,2023-09-12,13,212.24,2759.12,East,Sports
685,116,9,2023-05-22,11,485.39,5339.29,West,Books
686,180,36,2023-11-18,17,152.96,2600.32,Central,Food
687,160,46,2023-10-25,7,104.44,731.08,East,Food
688,167,12,2024-05-30,5,490.76,2453.8,Central,Food
689,195,23,2024-07-29,11,356.62,3922.82,West,Books
690,182,27,2024-11-21,19,471.62,8960.78,Central,Home & Garden
691,134,7,2023-01-26,14,405.11,5671.54,West,Clothing
692,52,18,2023-06-14,2,336.78,673.56,East,Food
693,16,45,2023-10-30,9,77.48,697.32,South,Books
694,116,7,2024-09-22,2,182.55,365.1,Central,Clothing
695,131,45,2023-10-22,18,197.5,3555.0,North,Sports
696,176,21,2024-07-19,13,211.2,2745.6,North,Electronics
697,200,29,2023-08-19,9,105.53,949.77,East,Books
698,51,50,2023-07-18,18,370.53,6669.54,East,Sports
699,20,12,2023-06-27,6,491.81,2950.86,Central,Electronics
700,72,36,2023-09-28,13,25.11,326.43,South,Clothing
701,2,22,2024-04-22,19,423.78,8051.82,South,Electronics
702,153,4,2024-10-02,5,464.67,2323.35,Central,Food
703,147,36,2024-01-02,10,247.82,2478.2,North,Food
704,48,34,2023-03-11,11,265.07,2915.77,Central,Clothing
705,104,6,2023-12-24,14,273.82,3833.48,South,Clothing
706,76,14,2024-09-25,11,168.88,1857.68,Central,Sports
707,167,1,2023-04-28,18,412.73,7429.14,East,Sports
708,158,40,2023-09-07,8,452.73,3621.84,North,Food
709,30,25,2023-09-20,11,193.78,2131.58,Central,Food
710,133,50,2024-01-19,10,17.23,172.3,Central,Books
711,76,42,2023-07-17,15,245.97,3689.55,East,Books
712,43,50,2024-07-04,3,474.36,1423.08,Central,Electronics
713,162,50,2023-08-07,3,109.34,328.02,West,Electronics
714,180,48,2024-03-21,7,271.19,1898.33,North,Food
715,184,22,2023-02-08,5,16.76,83.8,North,Electronics
716,65,36,2023-03-14,2,93.11,186.22,Central,Clothing
717,116,41,2024-02-19,9,206.78,1861.02,West,Home & Garden
718,31,35,2023-01-07,1,197.8,197.8,Central,Electronics
719,19,23,2024-05-29,19,27.53,523.07,North,Home & Garden
720,73,49,2024-03-24,10,305.25,3052.5,West,Sports
721,137,15,2023-05-20,1,239.62,239.62,West,Books
722,37,20,2024-11-24,10,480.27,4802.7,East,Electronics
723,37,8,2023-02-12,18,438.01,7884.18,North,Books
724,141,6,2023-11-09,20,200.07,4001.4,South,Food
725,166,33,2023-05-26,12,109.81,1317.72,South,Clothing
726,65,13,2023-04-28,8,310.36,2482.88,South,Food
727,193,36,2024-04-17,19,426.86,8110.34,Central,Electronics
728,65,7,2023-07-22,10,337.48,3374.8,Central,Sports
729,172,42,2023-08-29,11,181.78,1999.58,North,Home & Garden
730,50,21,2024-05-12,20,39.56,791.2,West,Home & Garden
731,178,38,2023-06-06,20,331.41,6628.2,Central,Books
732,110,11,2023-01-05,12,404.81,4857.72,East,Clothing
733,165,28,2023-10-11,8,357.54,2860.32,East,Clothing
734,119,29,2024-01-03,11,439.55,4835.05,East,Sports
735,166,39,2023-03-25,18,58.87,1059.66,East,Clothing
736,188,41,2023-03-20,18,102.23,1840.14,North,Electronics
737,149,38,2024-02-19,17,317.66,5400.22,Central,Clothing
738,140,35,2024-04-28,2,278.04,556.08,South,Home & Garden
739,198,38,2023-10-25,13,115.54,1502.02,South,Sports
740,102,24,2024-05-29,17,257.65,4380.05,North,Food
741,158,44,2023-06-19,8,424.75,3398.0,Central,Clothing
742,145,37,2024-11-06,15,83.82,1257.3,South,Food
743,11,15,2024-05-14,16,469.89,7518.24,South,Electronics
744,11,43,2023-07-31,9,187.87,1690.83,Central,Home & Garden
745,117,3,2023-02-10,13,237.49,3087.37,East,Electronics
746,71,48,2023-09-27,17,318.62,5416.54,Central,Books
747,168,25,2024-01-10,19,91.06,1730.14,Central,Food
748,97,15,2024-06-12,3,260.75,782.25,West,Home & Garden
749,124,39,2023-01-07,12,246.0,2952.0,Central,Clothing
750,20,33,2024-10-20,15,86.97,1304.55,East,Clothing
751,93,39,2023-05-02,5,97.52,487.6,South,Sports
752,124,44,2024-05-05,11,361.53,3976.83,West,Clothing
753,106,2,2023-09-07,19,84.82,1611.58,North,Clothing
754,35,41,2024-06-08,19,298.21,5665.99,North,Books
755,67,12,2024-06-13,5,32.68,163.4,West,Books
756,185,47,2024-11-08,19,320.62,6091.78,East,Electronics
757,121,31,2023-06-24,7,227.36,1591.52,South,Sports
758,150,50,2023-07-06,20,75.64,1512.8,Central,Food
759,186,44,2023-12-17,17,135.94,2310.98,West,Books
760,97,25,2023-05-16,19,39.08,742.52,North,Electronics
761,130,44,2024-03-05,7,263.74,1846.18,South,Books
762,158,39,2023-02-09,4,92.82,371.28,Central,Books
763,169,9,2024-09-09,4,51.13,204.52,Central,Electronics
764,95,3,2024-12-15,14,263.41,3687.74,Central,Sports
765,124,50,2024-01-26,8,469.52,3756.16,East,Books
766,35,17,2024-05-03,19,53.37,1014.03,South,Electronics
767,140,27,2023-09-21,10,301.15,3011.5,South,Electronics
768,31,34,2023-01-08,1,291.1,291.1,West,Food
769,81,27,2024-01-06,7,345.44,2418.08,North,Clothing
770,65,17,2024-07-02,14,327.53,4585.42,West,Books
771,175,26,2023-07-28,12,307.88,3694.56,West,Books
772,95,36,2024-07-22,18,243.82,4388.76,West,Home & Garden
773,199,46,2024-02-12,10,290.94,2909.4,South,Food
774,115,45,2023-06-15,4,375.17,1500.68,North,Clothing
775,87,36,2024-09-20,17,203.28,3455.76,North,Clothing
776,2,6,2023-05-29,13,482.46,6271.98,West,Books
777,68,15,2024-01-15,14,48.63,680.82,North,Books
778,103,40,2024-11-02,2,363.62,727.24,Central,Home & Garden
779,199,12,2024-10-17,20,33.44,668.8,West,Sports
780,169,34,2023-10-20,1,104.85,104.85,South,Electronics
781,179,15,2024-09-21,20,257.72,5154.4,South,Food
782,168,1,2023-06-11,2,183.07,366.14,North,Home & Garden
783,102,26,2024-08-23,13,179.8,2337.4,South,Books
784,18,6,2024-07-16,1,369.78,369.78,East,Food
785,90,23,2023-10-11,18,457.93,8242.74,South,Books
786,104,37,2023-01-05,7,230.11,1610.77,East,Clothing
787,144,5,2024-05-30,14,255.59,3578.26,East,Home & Garden
788,66,35,2024-08-11,4,402.46,1609.84,East,Food
789,145,31,2023-09-07,15,483.2,7248.0,East,Sports
790,8,31,2023-04-30,15,448.78,6731.7,East,Electronics
791,57,44,2024-12-19,13,318.66,4142.58,South,Home & Garden
792,133,35,2023-01-10,14,477.95,6691.3,East,Clothing
793,173,48,2023-12-17,10,51.04,510.4,North,Books
794,91,14,2024-08-10,6,240.89,1445.34,East,Clothing
795,52,16,2023-09-05,7,252.0,1764.0,East,Clothing
796,64,40,2023-12-31,8,105.37,842.96,South,Electronics
797,174,43,2024-05-19,4,460.49,1841.96,Central,Electronics
798,124,24,2024-09-27,18,479.21,8625.78,East,Sports
799,126,12,2024-06-07,19,435.04,8265.76,East,Sports
800,33,4,2024-06-22,8,376.33,3010.64,West,Sports
801,89,26,2024-12-03,18,21.12,380.16,South,Sports
802,118,21,2024-12-06,4,350.63,1402.52,North,Electronics
803,26,21,2024-01-06,7,192.82,1349.74,Central,Home & Garden
804,61,18,2024-04-27,6,276.54,1659.24,Central,Home & Garden
805,109,14,2024-03-05,12,96.04,1152.48,East,Home & Garden
806,47,37,2023-05-15,13,143.42,1864.46,Central,Food
807,185,18,2023-08-30,8,408.02,3264.16,Central,Sports
808,190,10,2024-04-29,13,102.05,1326.65,North,Clothing
809,162,34,2024-06-30,14,252.3,3532.2,East,Sports
810,146,4,2024-02-12,10,129.23,1292.3,North,Food
811,66,31,2024-10-06,6,34.72,208.32,North,Sports
812,93,36,2024-07-24,11,133.59,1469.49,East,Home & Garden
813,90,44,2024-09-12,1,208.82,208.82,South,Books
814,138,12,2023-10-19,19,326.68,6206.92,East,Home & Garden
815,189,29,2023-03-22,17,246.31,4187.27,West,Books
816,38,11,2024-10-17,10,234.56,2345.6,East,Sports
817,19,6,2023-06-15,20,287.96,5759.2,East,Clothing
818,75,46,2023-10-01,11,161.85,1780.35,Central,Food
819,114,50,2024-01-07,13,139.27,1810.51,Central,Books
820,48,2,2023-05-09,15,209.92,3148.8,South,Food
821,180,48,2023-03-23,9,470.52,4234.68,South,Clothing
822,17,31,2024-07-15,13,55.99,727.87,North,Electronics
823,22,7,2023-09-26,13,264.37,3436.81,Central,Clothing
824,100,20,2023-08-23,3,329.14,987.42,South,Food
825,33,9,2024-06-23,10,224.36,2243.6,South,Electronics
826,84,31,2024-04-23,2,333.46,666.92,Central,Home & Garden
827,179,35,2023-07-01,18,225.2,4053.6,Central,Books
828,163,37,2024-03-21,15,317.37,4760.55,Central,Food
829,89,31,2024-07-06,18,158.28,2849.04,South,Electronics
830,106,17,2023-06-09,15,157.39,2360.85,East,Electronics
831,195,9,2023-12-19,1,264.04,264.04,East,Sports
832,126,49,2024-05-03,18,9.12,164.16,East,Electronics
833,153,15,2023-01-08,14,399.99,5599.86,Central,Home & Garden
834,144,28,2024-02-09,7,208.81,1461.67,South,Clothing
835,57,17,2023-03-23,13,415.07,5395.91,West,Food
836,157,45,2024-12-02,8,260.72,2085.76,East,Home & Garden
837,106,13,2023-03-12,18,405.36,7296.48,South,Clothing
838,117,40,2024-04-08,10,59.63,596.3,East,Food
839,83,2,2023-06-05,20,248.54,4970.8,North,Books
840,27,19,2023-10-03,1,97.04,97.04,South,Food
841,60,6,2023-06-04,15,364.92,5473.8,North,Sports
842,80,32,2024-01-16,7,174.25,1219.75,West,Food
843,193,10,2023-02-27,2,168.47,336.94,East,Sports
844,47,13,2023-09-14,3,273.88,821.64,West,Electronics
845,183,16,2024-01-30,4,487.43,1949.72,West,Clothing
846,189,50,2023-04-07,2,103.59,207.18,Central,Food
847,175,20,2023-11-27,7,239.05,1673.35,South,Food
848,141,34,2023-05-06,2,373.64,747.28,East,Sports
849,14,43,2023-08-12,10,103.37,1033.7,North,Clothing
850,43,18,2024-08-21,14,165.63,2318.82,North,Sports
851,11,38,2024-12-08,8,9.42,75.36,West,Food
852,198,6,2023-09-12,20,81.72,1634.4,South,Sports
853,87,49,2024-10-02,3,344.54,1033.62,North,Electronics
854,180,35,2023-04-20,12,324.06,3888.72,South,Sports
855,143,42,2023-12-22,8,161.79,1294.32,West,Food
856,97,23,2023-05-18,7,15.57,108.99,East,Electronics
857,144,19,2024-07-09,16,354.78,5676.48,West,Clothing
858,90,21,2024-04-24,19,97.38,1850.22,East,Books
859,136,10,2024-04-05,18,84.37,1518.66,East,Home & Garden
860,1,50,2024-10-15,18,186.72,3360.96,Central,Sports
861,159,24,2024-09-27,6,442.05,2652.3,South,Home & Garden
862,138,25,2023-07-14,3,330.85,992.55,Central,Food
863,40,40,2023-10-17,16,384.04,6144.64,East,Sports
864,134,43,2023-03-10,11,59.68,656.48,North,Clothing
865,52,7,2024-05-12,6,437.38,2624.28,South,Electronics
866,100,43,2024-05-16,2,287.65,575.3,Central,Books
867,94,15,2024-09-12,19,131.69,2502.11,North,Electronics
868,21,30,2024-10-16,7,329.6,2307.2,North,Home & Garden
869,107,24,2024-12-26,18,373.02,6714.36,North,Books
870,188,5,2023-11-08,9,266.87,2401.83,North,Clothing
871,186,15,2024-06-28,17,53.07,902.19,West,Clothing
872,64,37,2024-10-02,7,265.47,1858.29,South,Books
873,28,50,2024-10-15,18,210.52,3789.36,Central,Home & Garden
874,110,7,2023-06-20,15,352.76,5291.4,South,Books
875,169,11,2024-06-30,13,254.82,3312.66,Central,Sports
876,141,21,2024-01-16,12,451.73,5420.76,West,Food
877,83,39,2023-09-04,14,413.95,5795.3,Central,Books
878,141,48,2023-09-18,7,190.66,1334.62,East,Sports
879,1,47,2023-02-05,15,480.11,7201.65,East,Books
880,78,1,2023-11-04,1,261.22,261.22,South,Clothing
881,177,18,2024-07-20,11,15.74,173.14,Central,Books
882,40,7,2023-02-08,19,463.33,8803.27,West,Home & Garden
883,94,38,2023-09-13,5,73.51,367.55,South,Home & Garden
884,103,37,2023-08-11,10,50.49,504.9,North,Food
885,45,32,2024-12-07,11,397.49,4372.39,Central,Electronics
886,10,47,2024-08-13,20,322.92,6458.4,West,Electronics
887,86,23,2024-03-20,2,461.33,922.66,West,Electronics
888,155,1,2024-10-11,8,375.1,3000.8,West,Electronics
889,82,35,2024-08-01,10,264.57,2645.7,South,Home & Garden
890,40,4,2024-11-20,17,350.4,5956.8,West,Sports
891,24,15,2024-03-18,20,289.75,5795.0,East,Sports
892,22,31,2024-08-08,5,70.43,352.15,North,Books
893,103,33,2024-03-20,13,134.97,1754.61,South,Clothing
894,125,26,2024-10-29,16,281.85,4509.6,Central,Clothing
895,189,34,2023-09-10,18,309.92,5578.56,South,Electronics
896,83,44,2024-08-12,9,389.5,3505.5,North,Electronics
897,90,13,2023-11-25,14,214.65,3005.1,East,Books
898,44,23,2024-09-23,1,385.99,385.99,West,Books
899,60,13,2024-12-02,5,223.03,1115.15,East,Clothing
900,14,16,2024-09-27,3,60.62,181.86,South,Home & Garden
901,29,20,2024-04-05,1,174.92,174.92,West,Electronics
902,138,14,2023-07-28,11,108.46,1193.06,Central,Books
903,160,47,2023-05-25,9,276.66,2489.94,North,Sports
904,135,3,2023-09-19,19,453.49,8616.31,South,Electronics
905,179,40,2023-10-05,10,104.34,1043.4,North,Sports
906,170,18,2024-11-09,1,37.97,37.97,East,Electronics
907,167,25,2023-08-25,1,149.79,149.79,West,Books
908,125,39,2024-06-28,4,452.42,1809.68,North,Clothing
909,118,36,2024-12-30,7,252.82,1769.74,North,Electronics
910,79,22,2024-05-16,8,461.52,3692.16,West,Food
911,176,23,2023-12-30,6,14.09,84.54,East,Clothing
912,16,41,2023-09-21,17,141.56,2406.52,West,Electronics
913,58,10,2023-12-16,18,474.81,8546.58,West,Food
914,98,34,2024-11-25,5,48.46,242.3,Central,Food
915,147,10,2024-03-12,8,211.58,1692.64,East,Books
916,34,14,2024-10-30,11,227.34,2500.74,South,Books
917,52,9,2023-11-13,18,343.6,6184.8,Central,Clothing
918,198,10,2024-11-02,14,497.86,6970.04,Central,Clothing
919,137,47,2023-05-02,11,38.57,424.27,South,Home & Garden
920,196,21,2024-02-28,5,364.9,1824.5,West,Home & Garden
921,164,48,2023-10-08,15,374.08,5611.2,South,Clothing
922,7,49,2024-09-18,4,70.12,280.48,Central,Home & Garden
923,60,39,2023-08-26,20,285.69,5713.8,South,Food
924,177,50,2024-05-03,1,182.83,182.83,South,Books
925,167,24,2023-07-08,20,237.04,4740.8,West,Sports
926,50,15,2023-02-03,16,73.07,1169.12,West,Electronics
927,57,48,2024-11-18,9,475.35,4278.15,South,Clothing
928,113,40,2024-05-16,3,92.65,277.95,East,Sports
929,199,3,2024-09-14,8,216.64,1733.12,West,Food
930,191,37,2024-08-31,11,200.1,2201.1,Central,Books
931,116,30,2023-02-13,2,262.72,525.44,South,Books
932,189,3,2024-07-25,18,200.83,3614.94,West,Books
933,113,26,2023-11-08,2,98.98,197.96,East,Sports
934,157,4,2024-12-07,6,214.12,1284.72,Central,Clothing
935,116,6,2024-05-27,15,415.8,6237.0,North,Clothing
936,179,35,2023-05-19,19,469.23,8915.37,West,Sports
937,46,30,2024-08-27,11,228.19,2510.09,South,Sports
938,178,42,2024-12-29,3,128.79,386.37,South,Food
939,181,29,2024-10-11,4,50.14,200.56,East,Electronics
940,187,33,2024-09-18,17,355.1,6036.7,South,Sports
941,197,11,2023-12-10,18,193.4,3481.2,Central,Food
942,38,12,2024-12-30,5,85.25,426.25,North,Sports
943,197,29,2023-10-23,10,158.21,1582.1,South,Electronics
944,1,40,2023-09-17,5,480.41,2402.05,North,Sports
945,140,1,2024-09-14,16,428.43,6854.88,West,Clothing
946,122,30,2024-02-24,7,296.49,2075.43,West,Electronics
947,63,36,2023-10-12,20,302.05,6041.0,Central,Food
948,54,4,2023-07-09,18,410.96,7397.28,South,Electronics
949,9,43,2024-08-14,12,23.18,278.16,Central,Home & Garden
950,13,7,2024-03-02,11,460.59,5066.49,South,Clothing
951,178,45,2024-09-01,10,307.49,3074.9,Central,Books
952,192,38,2024-01-04,6,483.32,2899.92,North,Electronics
953,98,5,2024-03-13,10,164.8,1648.0,Central,Electronics
954,32,45,2023-10-09,10,238.05,2380.5,East,Books
955,179,14,2024-09-18,14,264.7,3705.8,North,Electronics
956,162,34,2023-03-31,19,366.22,6958.18,West,Food
957,181,19,2024-03-13,20,467.28,9345.6,Central,Home & Garden
958,160,23,2023-05-13,9,265.07,2385.63,Central,Books
959,162,32,2024-05-19,16,262.25,4196.0,South,Books
960,50,1,2023-05-02,8,355.75,2846.0,North,Sports
961,54,40,2024-02-29,4,370.05,1480.2,West,Electronics
962,164,14,2023-01-12,11,178.08,1958.88,South,Food
963,18,20,2023-11-04,10,130.94,1309.4,Central,Books
964,30,44,2023-12-08,11,384.68,4231.48,East,Sports
965,8,12,2023-07-18,19,309.92,5888.48,East,Home & Garden
966,10,42,2023-05-20,16,458.5,7336.0,West,Clothing
967,138,22,2024-04-18,15,446.57,6698.55,West,Food
968,77,37,2024-11-25,2,418.38,836.76,East,Books
969,148,44,2023-12-06,18,14.27,256.86,East,Electronics
970,8,22,2024-01-20,5,143.83,719.15,Central,Clothing
971,48,39,2023-04-30,19,304.82,5791.58,East,Food
972,70,27,2023-03-30,11,356.37,3920.07,West,Clothing
973,78,14,2024-06-21,12,228.69,2744.28,East,Clothing
974,10,50,2023-07-26,4,190.24,760.96,North,Sports
975,124,33,2023-06-07,17,17.34,294.78,South,Home & Garden
976,135,20,2023-12-02,16,367.56,5880.96,South,Electronics
977,34,14,2023-02-07,17,339.98,5779.66,West,Sports
978,80,3,2024-12-04,17,62.34,1059.78,Central,Electronics
979,12,7,2024-06-17,11,236.1,2597.1,East,Electronics
980,164,14,2023-11-25,19,380.45,7228.55,South,Clothing
981,82,50,2024-03-27,10,141.94,1419.4,North,Home & Garden
982,30,1,2024-09-29,5,82.96,414.8,Central,Books
983,90,36,2023-11-23,4,107.26,429.04,East,Clothing
984,44,5,2023-11-15,10,289.17,2891.7,Central,Home & Garden
985,34,2,2024-04-27,18,224.61,4042.98,North,Electronics
986,110,26,2023-07-03,13,31.63,411.19,Central,Books
987,80,22,2023-07-22,15,310.08,4651.2,Central,Electronics
988,24,45,2024-04-24,15,286.06,4290.9,North,Sports
989,182,50,2024-04-21,10,343.82,3438.2,West,Clothing
990,158,17,2024-01-08,8,76.14,609.12,West,Clothing
991,84,30,2024-05-14,11,395.45,4349.95,North,Electronics
992,123,30,2023-06-24,16,60.88,974.08,East,Home & Garden
993,131,7,2024-02-20,20,289.47,5789.4,North,Home & Garden
994,78,35,2024-04-17,18,326.48,5876.64,West,Books
995,63,36,2023-06-12,14,123.09,1723.26,West,Sports
996,178,38,2024-03-17,3,173.65,520.95,West,Books
997,61,12,2024-11-09,11,274.54,3019.94,North,Food
998,30,38,2024-09-02,19,419.19,7964.61,West,Home & Garden
999,114,12,2023-11-12,18,53.34,960.12,West,Electronics
1000,153,50,2024-01-24,20,58.83,1176.6,East,Sports
